DROP TABLE IF EXISTS t1, t2;
DROP TABLE IF EXISTS x1, x2;
CREATE TABLE t1 (f1 INTEGER);
CREATE TABLE t2 (f1 INT PRIMARY KEY AUTO_INCREMENT, f2 INTEGER);
SET SESSION wsrep_replicate_myisam = TRUE;
CREATE TABLE x1 (f1 INTEGER) ENGINE=MyISAM;
CREATE TABLE x2 (f1 INT PRIMARY KEY AUTO_INCREMENT, f2 INTEGER) ENGINE=MyISAM;
INSERT INTO t1 VALUES (1), (2), (3), (4), (5), (6), (7), (8), (9), (10);
INSERT INTO x1 VALUES (1), (2), (3), (4), (5), (6), (7), (8), (9), (10);
INSERT INTO t2 (f2) SELECT 1 FROM t1 AS a1, t1 AS a2, t1 AS a3, t1 AS a4;
INSERT INTO x2 (f2) VALUES (1), (2), (3), (4), (5), (6), (7), (8), (9), (10);
# ANALYZE test
ANALYZE TABLE t1, t2;
Table	Op	Msg_type	Msg_text
test.t1	analyze	status	OK
test.t2	analyze	status	OK
# OPTIMIZE test
OPTIMIZE TABLE t1, t2;
Table	Op	Msg_type	Msg_text
test.t1	optimize	note	Table does not support optimize, doing recreate + analyze instead
test.t1	optimize	status	OK
test.t2	optimize	note	Table does not support optimize, doing recreate + analyze instead
test.t2	optimize	status	OK
# REPAIR test
REPAIR TABLE x1, x2;
Table	Op	Msg_type	Msg_text
test.x1	repair	status	OK
test.x2	repair	status	OK
SELECT COUNT(*) = 10 FROM t1;
COUNT(*) = 10
1
SELECT COUNT(*) = 10 FROM x1;
COUNT(*) = 10
1
SELECT COUNT(*) = 10000 FROM t2;
COUNT(*) = 10000
1
SELECT COUNT(*) = 10 FROM x2;
COUNT(*) = 10
1
SET GLOBAL super_read_only=1;
ANALYZE TABLE t1;
ERROR HY000: The MySQL server is running with the --super-read-only option so it cannot execute this statement
SET GLOBAL super_read_only=0;
SET GLOBAL read_only=1;
CREATE USER 'testuser'@'%' IDENTIFIED WITH 'mysql_native_password' BY 'testuser';
GRANT SELECT, UPDATE, INSERT, DELETE ON *.* to 'testuser'@'%';
ANALYZE TABLE t1;
ERROR HY000: The MySQL server is running with the --read-only option so it cannot execute this statement
SET global read_only = 0;
SET global super_read_only = 0;
DROP USER 'testuser'@'%';
DROP TABLE t1, t2;
DROP TABLE x1, x2;
